age,period,cohort,sex,inst,y_eff,neff
15,2000,1985,M,30d,34,62
15,2000,1985,F,30d,27,51
16,2000,1984,M,30d,11,30
16,2000,1984,F,30d,13,22
15,2001,1986,M,30d,4,20
15,2001,1986,F,30d,2,13
16,2001,1985,M,30d,4,17
16,2001,1985,F,30d,5,22
17,2001,1984,M,30d,11,25
17,2001,1984,F,30d,4,13
18,2001,1983,M,30d,8,22
18,2001,1983,F,30d,3,20
19,2001,1982,M,30d,8,21
19,2001,1982,F,30d,2,17
20,2001,1981,M,30d,10,20
20,2001,1981,F,30d,5,18
21,2001,1980,M,30d,7,19
21,2001,1980,F,30d,3,17
22,2001,1979,M,30d,15,27
22,2001,1979,F,30d,9,15
23,2001,1978,M,30d,11,29
23,2001,1978,F,30d,10,24
24,2001,1977,M,30d,11,25
24,2001,1977,F,30d,6,19
25,2001,1976,M,30d,11,25
25,2001,1976,F,30d,5,13
26,2001,1975,M,30d,7,24
26,2001,1975,F,30d,9,28
27,2001,1974,M,30d,7,20
27,2001,1974,F,30d,6,14
28,2001,1973,M,30d,17,30
28,2001,1973,F,30d,6,23
29,2001,1972,M,30d,15,33
29,2001,1972,F,30d,11,19
30,2001,1971,M,30d,10,31
30,2001,1971,F,30d,9,29
31,2001,1970,M,30d,9,23
31,2001,1970,F,30d,5,20
32,2001,1969,M,30d,14,28
32,2001,1969,F,30d,4,23
33,2001,1968,M,30d,11,26
33,2001,1968,F,30d,6,19
34,2001,1967,M,30d,7,20
34,2001,1967,F,30d,9,20
35,2001,1966,M,30d,10,26
35,2001,1966,F,30d,8,14
36,2001,1965,M,30d,10,24
36,2001,1965,F,30d,3,18
37,2001,1964,M,30d,9,16
37,2001,1964,F,30d,4,14
38,2001,1963,M,30d,14,29
38,2001,1963,F,30d,6,28
39,2001,1962,M,30d,9,22
39,2001,1962,F,30d,8,28
40,2001,1961,M,30d,8,22
40,2001,1961,F,30d,13,23
41,2001,1960,M,30d,15,27
41,2001,1960,F,30d,11,23
42,2001,1959,M,30d,11,18
42,2001,1959,F,30d,5,18
43,2001,1958,M,30d,14,26
43,2001,1958,F,30d,4,19
44,2001,1957,M,30d,6,12
44,2001,1957,F,30d,10,27
45,2001,1956,M,30d,6,12
45,2001,1956,F,30d,10,26
46,2001,1955,M,30d,6,18
46,2001,1955,F,30d,10,22
47,2001,1954,M,30d,6,14
47,2001,1954,F,30d,3,14
48,2001,1953,M,30d,5,17
48,2001,1953,F,30d,6,17
49,2001,1952,M,30d,8,14
49,2001,1952,F,30d,8,21
50,2001,1951,M,30d,12,22
50,2001,1951,F,30d,5,24
51,2001,1950,M,30d,6,15
51,2001,1950,F,30d,3,11
52,2001,1949,M,30d,7,19
52,2001,1949,F,30d,9,23
53,2001,1948,M,30d,7,17
53,2001,1948,F,30d,6,21
54,2001,1947,M,30d,10,22
54,2001,1947,F,30d,4,19
55,2001,1946,M,30d,5,19
55,2001,1946,F,30d,4,24
56,2001,1945,M,30d,8,17
56,2001,1945,F,30d,0,9
57,2001,1944,M,30d,7,19
57,2001,1944,F,30d,2,20
58,2001,1943,M,30d,5,19
58,2001,1943,F,30d,3,19
59,2001,1942,M,30d,5,16
59,2001,1942,F,30d,7,29
60,2001,1941,M,30d,6,20
60,2001,1941,F,30d,3,25
61,2001,1940,M,30d,4,16
61,2001,1940,F,30d,10,39
62,2001,1939,M,30d,2,11
62,2001,1939,F,30d,2,30
63,2001,1938,M,30d,5,21
63,2001,1938,F,30d,2,27
64,2001,1937,M,30d,5,16
64,2001,1937,F,30d,4,40
15,2006,1991,M,30d,64,414
15,2006,1991,F,30d,66,440
16,2006,1990,M,30d,76,387
16,2006,1990,F,30d,100,497
17,2006,1989,M,30d,64,247
17,2006,1989,F,30d,58,309
18,2006,1988,M,30d,130,347
18,2006,1988,F,30d,84,316
19,2006,1987,M,30d,72,216
19,2006,1987,F,30d,77,242
20,2006,1986,M,30d,75,217
20,2006,1986,F,30d,81,266
21,2006,1985,M,30d,58,172
21,2006,1985,F,30d,88,231
22,2006,1984,M,30d,62,167
22,2006,1984,F,30d,86,234
23,2006,1983,M,30d,75,162
23,2006,1983,F,30d,83,242
24,2006,1982,M,30d,52,131
24,2006,1982,F,30d,76,192
25,2006,1981,M,30d,70,175
25,2006,1981,F,30d,78,243
26,2006,1980,M,30d,43,131
26,2006,1980,F,30d,90,246
27,2006,1979,M,30d,71,176
27,2006,1979,F,30d,82,233
28,2006,1978,M,30d,79,166
28,2006,1978,F,30d,82,242
29,2006,1977,M,30d,66,148
29,2006,1977,F,30d,79,266
30,2006,1976,M,30d,87,212
30,2006,1976,F,30d,78,305
31,2006,1975,M,30d,57,157
31,2006,1975,F,30d,74,272
32,2006,1974,M,30d,71,169
32,2006,1974,F,30d,84,287
33,2006,1973,M,30d,81,198
33,2006,1973,F,30d,80,263
34,2006,1972,M,30d,54,135
34,2006,1972,F,30d,63,271
35,2006,1971,M,30d,69,184
35,2006,1971,F,30d,70,242
36,2006,1970,M,30d,61,158
36,2006,1970,F,30d,58,246
37,2006,1969,M,30d,42,126
37,2006,1969,F,30d,70,258
38,2006,1968,M,30d,75,184
38,2006,1968,F,30d,68,265
39,2006,1967,M,30d,56,128
39,2006,1967,F,30d,59,219
40,2006,1966,M,30d,55,132
40,2006,1966,F,30d,62,242
41,2006,1965,M,30d,57,146
41,2006,1965,F,30d,50,176
42,2006,1964,M,30d,69,173
42,2006,1964,F,30d,88,274
43,2006,1963,M,30d,63,191
43,2006,1963,F,30d,75,248
44,2006,1962,M,30d,52,130
44,2006,1962,F,30d,73,253
45,2006,1961,M,30d,66,140
45,2006,1961,F,30d,87,238
46,2006,1960,M,30d,60,135
46,2006,1960,F,30d,96,275
47,2006,1959,M,30d,59,134
47,2006,1959,F,30d,79,221
48,2006,1958,M,30d,66,155
48,2006,1958,F,30d,56,208
49,2006,1957,M,30d,49,154
49,2006,1957,F,30d,76,250
50,2006,1956,M,30d,84,192
50,2006,1956,F,30d,64,249
51,2006,1955,M,30d,41,123
51,2006,1955,F,30d,52,212
52,2006,1954,M,30d,60,134
52,2006,1954,F,30d,88,290
53,2006,1953,M,30d,55,141
53,2006,1953,F,30d,68,238
54,2006,1952,M,30d,33,117
54,2006,1952,F,30d,45,175
55,2006,1951,M,30d,48,116
55,2006,1951,F,30d,54,211
56,2006,1950,M,30d,62,167
56,2006,1950,F,30d,45,246
57,2006,1949,M,30d,33,111
57,2006,1949,F,30d,30,188
58,2006,1948,M,30d,55,163
58,2006,1948,F,30d,46,235
59,2006,1947,M,30d,49,134
59,2006,1947,F,30d,40,226
60,2006,1946,M,30d,57,223
60,2006,1946,F,30d,46,280
61,2006,1945,M,30d,42,142
61,2006,1945,F,30d,33,208
62,2006,1944,M,30d,56,177
62,2006,1944,F,30d,32,195
63,2006,1943,M,30d,41,134
63,2006,1943,F,30d,23,236
64,2006,1942,M,30d,42,141
64,2006,1942,F,30d,26,222
65,2006,1941,M,30d,48,184
65,2006,1941,F,30d,40,277
15,2007,1992,M,30d,128,538
15,2007,1992,F,30d,198,684
16,2007,1991,M,30d,79,295
16,2007,1991,F,30d,153,421
17,2007,1990,M,30d,74,193
17,2007,1990,F,30d,141,356
18,2007,1989,M,30d,45,125
18,2007,1989,F,30d,155,360
19,2007,1988,M,30d,9,32
19,2007,1988,F,30d,40,111
20,2007,1987,M,30d,9,19
20,2007,1987,F,30d,17,54
21,2007,1986,M,30d,6,21
21,2007,1986,F,30d,10,42
22,2007,1985,M,30d,5,17
22,2007,1985,F,30d,6,19
23,2007,1984,M,30d,6,11
23,2007,1984,F,30d,4,21
24,2007,1983,M,30d,2,4
24,2007,1983,F,30d,6,12
25,2007,1982,M,30d,4,10
25,2007,1982,F,30d,2,7
26,2007,1981,M,30d,3,3
26,2007,1981,F,30d,0,4
27,2007,1980,F,30d,0,6
28,2007,1979,F,30d,1,6
29,2007,1978,F,30d,2,4
31,2007,1976,F,30d,0,4
32,2007,1975,F,30d,0,4
15,2008,1993,M,30d,23,162
15,2008,1993,F,30d,21,153
16,2008,1992,M,30d,38,152
16,2008,1992,F,30d,27,142
17,2008,1991,M,30d,53,175
17,2008,1991,F,30d,41,150
18,2008,1990,M,30d,44,134
18,2008,1990,F,30d,60,144
19,2008,1989,M,30d,46,133
19,2008,1989,F,30d,50,153
20,2008,1988,M,30d,53,131
20,2008,1988,F,30d,49,124
21,2008,1987,M,30d,56,141
21,2008,1987,F,30d,51,132
22,2008,1986,M,30d,60,124
22,2008,1986,F,30d,45,124
23,2008,1985,M,30d,51,110
23,2008,1985,F,30d,37,133
24,2008,1984,M,30d,39,106
24,2008,1984,F,30d,46,145
25,2008,1983,M,30d,55,127
25,2008,1983,F,30d,45,112
26,2008,1982,M,30d,58,102
26,2008,1982,F,30d,46,137
27,2008,1981,M,30d,51,106
27,2008,1981,F,30d,39,108
28,2008,1980,M,30d,67,133
28,2008,1980,F,30d,51,155
29,2008,1979,M,30d,51,115
29,2008,1979,F,30d,52,140
15,2009,1994,M,act,4,21
15,2009,1994,M,30d,63,386
15,2009,1994,F,act,1,12
15,2009,1994,F,30d,83,407
16,2009,1993,M,act,3,15
16,2009,1993,M,30d,70,273
16,2009,1993,F,act,3,19
16,2009,1993,F,30d,81,284
17,2009,1992,M,act,3,26
17,2009,1992,M,30d,46,193
17,2009,1992,F,act,2,17
17,2009,1992,F,30d,77,261
18,2009,1991,M,act,8,17
18,2009,1991,M,30d,30,122
18,2009,1991,F,act,1,19
18,2009,1991,F,30d,44,171
19,2009,1990,M,act,7,27
19,2009,1990,M,30d,8,41
19,2009,1990,F,act,5,21
19,2009,1990,F,30d,16,41
20,2009,1989,M,act,4,14
20,2009,1989,M,30d,4,15
20,2009,1989,F,act,5,19
20,2009,1989,F,30d,14,23
21,2009,1988,M,act,12,21
21,2009,1988,M,30d,2,7
21,2009,1988,F,act,2,14
21,2009,1988,F,30d,2,9
22,2009,1987,M,act,5,10
22,2009,1987,F,act,6,23
23,2009,1986,M,act,3,20
23,2009,1986,F,act,6,20
24,2009,1985,M,act,7,19
24,2009,1985,F,act,7,19
25,2009,1984,M,act,4,22
25,2009,1984,F,act,4,18
26,2009,1983,M,act,5,18
26,2009,1983,F,act,8,17
27,2009,1982,M,act,10,20
27,2009,1982,F,act,8,24
28,2009,1981,M,act,8,19
28,2009,1981,F,act,5,25
29,2009,1980,M,act,10,25
29,2009,1980,F,act,9,30
30,2009,1979,M,act,11,23
30,2009,1979,F,act,6,27
31,2009,1978,M,act,11,21
31,2009,1978,F,act,9,16
32,2009,1977,M,act,11,20
32,2009,1977,F,act,6,23
33,2009,1976,M,act,12,24
33,2009,1976,F,act,7,28
34,2009,1975,M,act,8,21
34,2009,1975,F,act,13,33
35,2009,1974,M,act,6,21
35,2009,1974,F,act,5,27
36,2009,1973,M,act,12,31
36,2009,1973,F,act,3,19
37,2009,1972,M,act,4,23
37,2009,1972,F,act,7,29
38,2009,1971,M,act,6,21
38,2009,1971,F,act,10,32
39,2009,1970,M,act,6,17
39,2009,1970,F,act,5,20
40,2009,1969,M,act,8,26
40,2009,1969,F,act,4,21
41,2009,1968,M,act,3,20
41,2009,1968,F,act,5,26
42,2009,1967,M,act,5,13
42,2009,1967,F,act,5,21
43,2009,1966,M,act,5,18
43,2009,1966,F,act,5,27
44,2009,1965,M,act,8,22
44,2009,1965,F,act,5,19
45,2009,1964,M,act,11,24
45,2009,1964,F,act,6,22
46,2009,1963,M,act,1,13
46,2009,1963,F,act,5,22
47,2009,1962,M,act,5,13
47,2009,1962,F,act,10,23
48,2009,1961,M,act,9,16
48,2009,1961,F,act,7,18
49,2009,1960,M,act,7,21
49,2009,1960,F,act,7,24
50,2009,1959,M,act,7,17
50,2009,1959,F,act,3,20
51,2009,1958,M,act,7,18
51,2009,1958,F,act,3,20
52,2009,1957,M,act,3,9
52,2009,1957,F,act,7,17
53,2009,1956,M,act,6,21
53,2009,1956,F,act,3,20
54,2009,1955,M,act,8,19
54,2009,1955,F,act,7,27
55,2009,1954,M,act,8,19
55,2009,1954,F,act,7,21
56,2009,1953,M,act,6,13
56,2009,1953,F,act,3,18
57,2009,1952,M,act,5,16
57,2009,1952,F,act,5,18
58,2009,1951,M,act,3,12
58,2009,1951,F,act,2,17
59,2009,1950,M,act,5,23
59,2009,1950,F,act,3,20
60,2009,1949,M,act,3,14
60,2009,1949,F,act,4,23
61,2009,1948,M,act,6,14
61,2009,1948,F,act,4,21
62,2009,1947,M,act,6,9
62,2009,1947,F,act,4,18
63,2009,1946,M,act,4,24
63,2009,1946,F,act,3,18
64,2009,1945,M,act,1,10
64,2009,1945,F,act,4,27
65,2009,1944,M,act,2,16
65,2009,1944,F,act,2,21
15,2011,1996,M,30d,12,212
15,2011,1996,F,30d,18,237
16,2011,1995,M,30d,26,193
16,2011,1995,F,30d,25,224
17,2011,1994,M,30d,33,217
17,2011,1994,F,30d,44,237
18,2011,1993,M,30d,60,211
18,2011,1993,F,30d,44,218
19,2011,1992,M,30d,46,178
19,2011,1992,F,30d,46,184
20,2011,1991,M,30d,52,174
20,2011,1991,F,30d,42,179
21,2011,1990,M,30d,63,183
21,2011,1990,F,30d,52,186
22,2011,1989,M,30d,64,178
22,2011,1989,F,30d,57,179
23,2011,1988,M,30d,71,190
23,2011,1988,F,30d,62,192
24,2011,1987,M,30d,70,160
24,2011,1987,F,30d,81,192
25,2011,1986,M,30d,70,163
25,2011,1986,F,30d,73,179
26,2011,1985,M,30d,66,159
26,2011,1985,F,30d,77,248
27,2011,1984,M,30d,70,151
27,2011,1984,F,30d,81,235
28,2011,1983,M,30d,73,178
28,2011,1983,F,30d,80,232
29,2011,1982,M,30d,89,191
29,2011,1982,F,30d,56,207
30,2011,1981,M,30d,37,109
30,2011,1981,F,30d,67,210
31,2011,1980,M,30d,64,165
31,2011,1980,F,30d,68,211
32,2011,1979,M,30d,55,134
32,2011,1979,F,30d,82,241
33,2011,1978,M,30d,76,195
33,2011,1978,F,30d,71,262
34,2011,1977,M,30d,87,187
34,2011,1977,F,30d,72,244
35,2011,1976,M,30d,56,153
35,2011,1976,F,30d,79,242
36,2011,1975,M,30d,59,173
36,2011,1975,F,30d,57,258
37,2011,1974,M,30d,49,133
37,2011,1974,F,30d,43,213
38,2011,1973,M,30d,54,146
38,2011,1973,F,30d,71,251
39,2011,1972,M,30d,45,135
39,2011,1972,F,30d,61,227
40,2011,1971,M,30d,40,149
40,2011,1971,F,30d,56,236
41,2011,1970,M,30d,60,146
41,2011,1970,F,30d,45,200
42,2011,1969,M,30d,51,151
42,2011,1969,F,30d,57,228
43,2011,1968,M,30d,48,141
43,2011,1968,F,30d,45,176
44,2011,1967,M,30d,28,92
44,2011,1967,F,30d,40,203
45,2011,1966,M,30d,26,124
45,2011,1966,F,30d,50,216
46,2011,1965,M,30d,61,176
46,2011,1965,F,30d,78,269
47,2011,1964,M,30d,53,188
47,2011,1964,F,30d,84,274
48,2011,1963,M,30d,62,165
48,2011,1963,F,30d,88,291
49,2011,1962,M,30d,53,174
49,2011,1962,F,30d,86,265
50,2011,1961,M,30d,64,192
50,2011,1961,F,30d,78,294
51,2011,1960,M,30d,47,159
51,2011,1960,F,30d,82,264
52,2011,1959,M,30d,69,184
52,2011,1959,F,30d,81,282
53,2011,1958,M,30d,60,172
53,2011,1958,F,30d,86,256
54,2011,1957,M,30d,67,183
54,2011,1957,F,30d,76,244
55,2011,1956,M,30d,52,147
55,2011,1956,F,30d,74,271
56,2011,1955,M,30d,81,252
56,2011,1955,F,30d,85,340
57,2011,1954,M,30d,66,218
57,2011,1954,F,30d,61,305
58,2011,1953,M,30d,83,231
58,2011,1953,F,30d,76,321
59,2011,1952,M,30d,68,217
59,2011,1952,F,30d,47,268
60,2011,1951,M,30d,52,204
60,2011,1951,F,30d,58,285
61,2011,1950,M,30d,52,184
61,2011,1950,F,30d,51,287
62,2011,1949,M,30d,54,185
62,2011,1949,F,30d,39,277
63,2011,1948,M,30d,51,206
63,2011,1948,F,30d,37,285
64,2011,1947,M,30d,41,179
64,2011,1947,F,30d,30,244
65,2011,1946,M,30d,36,177
65,2011,1946,F,30d,26,297
15,2012,1997,M,30d,55,446
15,2012,1997,F,30d,87,496
15,2012,1997,NA,30d,0,7
16,2012,1996,M,30d,50,229
16,2012,1996,F,30d,101,310
16,2012,1996,NA,30d,0,3
15,2013,1998,M,30d,3,60
15,2013,1998,F,30d,2,62
16,2013,1997,M,30d,4,49
16,2013,1997,F,30d,7,63
17,2013,1996,M,30d,5,49
17,2013,1996,F,30d,7,71
18,2013,1995,M,30d,7,48
18,2013,1995,F,30d,14,73
19,2013,1994,M,30d,18,61
19,2013,1994,F,30d,16,50
20,2013,1993,M,30d,17,47
20,2013,1993,F,30d,18,63
21,2013,1992,M,30d,13,47
21,2013,1992,F,30d,17,61
22,2013,1991,M,30d,11,39
22,2013,1991,F,30d,17,62
23,2013,1990,M,30d,22,51
23,2013,1990,F,30d,14,70
24,2013,1989,M,30d,14,49
24,2013,1989,F,30d,19,68
25,2013,1988,M,30d,16,47
25,2013,1988,F,30d,30,81
26,2013,1987,M,30d,17,55
26,2013,1987,F,30d,18,70
27,2013,1986,M,30d,19,48
27,2013,1986,F,30d,20,78
28,2013,1985,M,30d,19,48
28,2013,1985,F,30d,19,76
29,2013,1984,M,30d,23,56
29,2013,1984,F,30d,19,80
30,2013,1983,M,30d,5,9
30,2013,1983,F,30d,6,25
31,2013,1982,M,30d,4,11
31,2013,1982,F,30d,8,27
32,2013,1981,M,30d,4,14
32,2013,1981,F,30d,11,31
33,2013,1980,M,30d,6,17
33,2013,1980,F,30d,9,27
34,2013,1979,M,30d,9,15
34,2013,1979,F,30d,8,31
35,2013,1978,M,30d,9,22
35,2013,1978,F,30d,8,25
36,2013,1977,M,30d,4,12
36,2013,1977,F,30d,5,16
37,2013,1976,M,30d,6,16
37,2013,1976,F,30d,7,29
38,2013,1975,M,30d,7,17
38,2013,1975,F,30d,9,33
39,2013,1974,M,30d,3,15
39,2013,1974,F,30d,11,34
40,2013,1973,M,30d,9,19
40,2013,1973,F,30d,5,20
41,2013,1972,M,30d,6,17
41,2013,1972,F,30d,8,33
42,2013,1971,M,30d,7,21
42,2013,1971,F,30d,6,18
43,2013,1970,M,30d,5,20
43,2013,1970,F,30d,11,35
44,2013,1969,M,30d,4,12
44,2013,1969,F,30d,7,20
45,2013,1968,M,30d,2,16
45,2013,1968,F,30d,10,24
46,2013,1967,M,30d,6,20
46,2013,1967,F,30d,5,29
47,2013,1966,M,30d,7,19
47,2013,1966,F,30d,7,23
48,2013,1965,M,30d,8,18
48,2013,1965,F,30d,9,28
49,2013,1964,M,30d,6,12
49,2013,1964,F,30d,10,31
50,2013,1963,M,30d,3,14
50,2013,1963,F,30d,9,30
51,2013,1962,M,30d,4,13
51,2013,1962,F,30d,6,21
52,2013,1961,M,30d,7,12
52,2013,1961,F,30d,8,28
53,2013,1960,M,30d,6,17
53,2013,1960,F,30d,8,28
54,2013,1959,M,30d,8,16
54,2013,1959,F,30d,8,33
55,2013,1958,M,30d,5,18
55,2013,1958,F,30d,8,31
56,2013,1957,M,30d,3,19
56,2013,1957,F,30d,7,27
57,2013,1956,M,30d,4,12
57,2013,1956,F,30d,11,24
58,2013,1955,M,30d,5,15
58,2013,1955,F,30d,10,37
59,2013,1954,M,30d,8,19
59,2013,1954,F,30d,11,36
60,2013,1953,M,30d,6,16
60,2013,1953,F,30d,4,22
61,2013,1952,M,30d,10,22
61,2013,1952,F,30d,10,40
62,2013,1951,M,30d,4,16
62,2013,1951,F,30d,6,24
63,2013,1950,M,30d,6,15
63,2013,1950,F,30d,6,41
64,2013,1949,M,30d,8,26
64,2013,1949,F,30d,4,28
15,2014,1999,M,12m,5,5
15,2014,1999,M,30d,11,234
15,2014,1999,F,12m,5,5
15,2014,1999,F,30d,15,202
16,2014,1998,M,30d,13,125
16,2014,1998,F,12m,3,3
16,2014,1998,F,30d,9,113
17,2014,1997,M,12m,4,4
17,2014,1997,M,30d,21,144
17,2014,1997,F,12m,5,5
17,2014,1997,F,30d,18,130
18,2014,1996,M,30d,22,96
18,2014,1996,F,30d,12,104
19,2014,1995,M,30d,17,71
19,2014,1995,F,30d,20,98
20,2014,1994,M,30d,24,102
20,2014,1994,F,30d,18,95
21,2014,1993,M,30d,30,90
21,2014,1993,F,30d,22,115
22,2014,1992,M,30d,34,108
22,2014,1992,F,30d,27,112
23,2014,1991,M,30d,35,111
23,2014,1991,F,30d,22,98
24,2014,1990,M,30d,24,85
24,2014,1990,F,30d,39,109
25,2014,1989,M,30d,33,94
25,2014,1989,F,30d,27,83
26,2014,1988,M,30d,36,102
26,2014,1988,F,30d,34,95
27,2014,1987,M,30d,42,126
27,2014,1987,F,30d,33,120
28,2014,1986,M,30d,43,100
28,2014,1986,F,30d,24,86
29,2014,1985,M,30d,41,91
29,2014,1985,F,30d,26,99
30,2014,1984,M,30d,56,150
30,2014,1984,F,30d,23,88
31,2014,1983,M,30d,37,108
31,2014,1983,F,30d,38,108
32,2014,1982,M,30d,51,129
32,2014,1982,F,30d,23,91
33,2014,1981,M,30d,50,114
33,2014,1981,F,30d,40,128
34,2014,1980,M,30d,42,100
34,2014,1980,F,30d,29,93
35,2014,1979,M,30d,32,88
35,2014,1979,F,30d,35,114
36,2014,1978,M,30d,40,96
36,2014,1978,F,30d,31,96
37,2014,1977,M,30d,44,123
37,2014,1977,F,30d,27,109
38,2014,1976,M,30d,32,119
38,2014,1976,F,30d,31,117
39,2014,1975,M,30d,30,93
39,2014,1975,F,30d,23,104
40,2014,1974,M,30d,45,109
40,2014,1974,F,30d,29,95
41,2014,1973,M,30d,30,91
41,2014,1973,F,30d,12,79
42,2014,1972,M,30d,34,100
42,2014,1972,F,30d,25,104
43,2014,1971,M,30d,40,101
43,2014,1971,F,30d,28,92
44,2014,1970,M,30d,34,91
44,2014,1970,F,30d,20,72
45,2014,1969,M,30d,37,103
45,2014,1969,F,30d,28,107
46,2014,1968,M,30d,21,80
46,2014,1968,F,30d,17,95
47,2014,1967,M,30d,36,104
47,2014,1967,F,30d,27,91
48,2014,1966,M,30d,23,77
48,2014,1966,F,30d,15,84
49,2014,1965,M,30d,31,94
49,2014,1965,F,30d,24,89
50,2014,1964,M,30d,31,102
50,2014,1964,F,30d,24,117
51,2014,1963,M,30d,22,97
51,2014,1963,F,30d,23,94
52,2014,1962,M,30d,26,90
52,2014,1962,F,30d,27,135
53,2014,1961,M,30d,29,74
53,2014,1961,F,30d,36,120
54,2014,1960,M,30d,32,102
54,2014,1960,F,30d,28,119
55,2014,1959,M,30d,21,86
55,2014,1959,F,30d,26,95
56,2014,1958,M,30d,30,87
56,2014,1958,F,30d,22,108
57,2014,1957,M,30d,28,82
57,2014,1957,F,30d,29,118
58,2014,1956,M,30d,33,94
58,2014,1956,F,30d,32,133
59,2014,1955,M,30d,34,113
59,2014,1955,F,30d,30,132
60,2014,1954,M,30d,30,80
60,2014,1954,F,30d,29,100
61,2014,1953,M,30d,22,74
61,2014,1953,F,30d,24,96
62,2014,1952,M,30d,17,71
62,2014,1952,F,30d,16,105
63,2014,1951,M,30d,21,73
63,2014,1951,F,30d,21,120
64,2014,1950,M,30d,23,95
64,2014,1950,F,30d,23,117
65,2014,1949,M,30d,21,93
65,2014,1949,F,30d,21,141
15,2016,2001,M,30d,31,387
15,2016,2001,F,30d,47,426
16,2016,2000,M,30d,38,367
16,2016,2000,F,30d,56,419
17,2016,1999,M,30d,57,286
17,2016,1999,F,30d,65,380
18,2016,1998,M,30d,43,215
18,2016,1998,F,30d,42,295
19,2016,1997,M,30d,10,61
19,2016,1997,F,30d,12,59
20,2016,1996,M,30d,2,25
20,2016,1996,F,30d,2,23
21,2016,1995,M,30d,0,6
21,2016,1995,F,30d,2,5
15,2017,2002,M,act,0,18
15,2017,2002,M,30d,7,325
15,2017,2002,F,act,0,22
15,2017,2002,F,30d,9,351
16,2017,2001,M,act,0,22
16,2017,2001,M,30d,12,345
16,2017,2001,F,act,1,18
16,2017,2001,F,30d,14,336
17,2017,2000,M,act,3,17
17,2017,2000,M,30d,24,344
17,2017,2000,F,act,2,25
17,2017,2000,F,30d,18,405
18,2017,1999,M,act,2,24
18,2017,1999,M,30d,57,347
18,2017,1999,F,act,3,22
18,2017,1999,F,30d,29,364
19,2017,1998,M,act,5,13
19,2017,1998,M,30d,44,274
19,2017,1998,F,act,2,17
19,2017,1998,F,30d,32,279
20,2017,1997,M,act,4,11
20,2017,1997,M,30d,50,288
20,2017,1997,F,act,3,25
20,2017,1997,F,30d,39,324
21,2017,1996,M,act,3,13
21,2017,1996,M,30d,66,284
21,2017,1996,F,act,5,24
21,2017,1996,F,30d,65,333
22,2017,1995,M,act,2,15
22,2017,1995,M,30d,74,337
22,2017,1995,F,act,3,21
22,2017,1995,F,30d,50,295
23,2017,1994,M,act,7,23
23,2017,1994,M,30d,64,255
23,2017,1994,F,act,2,13
23,2017,1994,F,30d,60,333
24,2017,1993,M,act,6,20
24,2017,1993,M,30d,76,271
24,2017,1993,F,act,7,32
24,2017,1993,F,30d,73,301
25,2017,1992,M,act,8,19
25,2017,1992,M,30d,77,262
25,2017,1992,F,act,4,21
25,2017,1992,F,30d,67,293
26,2017,1991,M,act,4,19
26,2017,1991,M,30d,64,223
26,2017,1991,F,act,6,23
26,2017,1991,F,30d,82,303
27,2017,1990,M,act,10,22
27,2017,1990,M,30d,73,260
27,2017,1990,F,act,10,37
27,2017,1990,F,30d,86,295
28,2017,1989,M,act,16,32
28,2017,1989,M,30d,79,230
28,2017,1989,F,act,6,32
28,2017,1989,F,30d,85,297
29,2017,1988,M,act,4,25
29,2017,1988,M,30d,78,208
29,2017,1988,F,act,13,30
29,2017,1988,F,30d,75,287
30,2017,1987,M,act,7,31
30,2017,1987,M,30d,105,276
30,2017,1987,F,act,12,41
30,2017,1987,F,30d,60,262
31,2017,1986,M,act,7,30
31,2017,1986,M,30d,80,250
31,2017,1986,F,act,15,29
31,2017,1986,F,30d,72,288
32,2017,1985,M,act,11,35
32,2017,1985,M,30d,104,247
32,2017,1985,F,act,11,29
32,2017,1985,F,30d,100,330
33,2017,1984,M,act,14,29
33,2017,1984,M,30d,92,270
33,2017,1984,F,act,14,43
33,2017,1984,F,30d,85,299
34,2017,1983,M,act,9,26
34,2017,1983,M,30d,85,237
34,2017,1983,F,act,6,31
34,2017,1983,F,30d,66,270
35,2017,1982,M,act,6,21
35,2017,1982,M,30d,72,228
35,2017,1982,F,act,11,29
35,2017,1982,F,30d,72,304
36,2017,1981,M,act,15,41
36,2017,1981,M,30d,206,572
36,2017,1981,F,act,8,29
36,2017,1981,F,30d,154,583
37,2017,1980,M,act,14,31
37,2017,1980,M,30d,176,588
37,2017,1980,F,act,10,41
37,2017,1980,F,30d,180,698
38,2017,1979,M,act,10,31
38,2017,1979,M,30d,206,625
38,2017,1979,F,act,6,33
38,2017,1979,F,30d,165,715
39,2017,1978,M,act,12,28
39,2017,1978,M,30d,212,629
39,2017,1978,F,act,6,40
39,2017,1978,F,30d,159,716
40,2017,1977,M,act,8,20
40,2017,1977,M,30d,215,697
40,2017,1977,F,act,5,23
40,2017,1977,F,30d,159,742
41,2017,1976,M,act,10,29
41,2017,1976,M,30d,186,619
41,2017,1976,F,act,4,31
41,2017,1976,F,30d,160,672
42,2017,1975,M,act,8,33
42,2017,1975,M,30d,187,658
42,2017,1975,F,act,6,34
42,2017,1975,F,30d,160,745
43,2017,1974,M,act,4,29
43,2017,1974,M,30d,187,612
43,2017,1974,F,act,6,25
43,2017,1974,F,30d,132,685
44,2017,1973,M,act,4,18
44,2017,1973,M,30d,148,516
44,2017,1973,F,act,3,27
44,2017,1973,F,30d,114,604
45,2017,1972,M,act,3,18
45,2017,1972,M,30d,156,539
45,2017,1972,F,act,2,20
45,2017,1972,F,30d,116,636
46,2017,1971,M,act,7,24
46,2017,1971,M,30d,164,521
46,2017,1971,F,act,4,27
46,2017,1971,F,30d,130,609
47,2017,1970,M,act,11,22
47,2017,1970,M,30d,141,534
47,2017,1970,F,act,8,36
47,2017,1970,F,30d,118,626
48,2017,1969,M,act,7,30
48,2017,1969,M,30d,148,548
48,2017,1969,F,act,3,28
48,2017,1969,F,30d,118,602
49,2017,1968,M,act,6,26
49,2017,1968,M,30d,134,511
49,2017,1968,F,act,2,30
49,2017,1968,F,30d,115,565
50,2017,1967,M,act,8,17
50,2017,1967,M,30d,175,570
50,2017,1967,F,act,6,24
50,2017,1967,F,30d,126,661
51,2017,1966,M,act,13,28
51,2017,1966,M,30d,137,495
51,2017,1966,F,act,9,23
51,2017,1966,F,30d,114,559
52,2017,1965,M,act,6,30
52,2017,1965,M,30d,172,607
52,2017,1965,F,act,5,26
52,2017,1965,F,30d,158,661
53,2017,1964,M,act,6,19
53,2017,1964,M,30d,148,545
53,2017,1964,F,act,8,21
53,2017,1964,F,30d,142,691
54,2017,1963,M,act,8,26
54,2017,1963,M,30d,172,559
54,2017,1963,F,act,18,35
54,2017,1963,F,30d,153,651
55,2017,1962,M,act,8,29
55,2017,1962,M,30d,133,489
55,2017,1962,F,act,10,35
55,2017,1962,F,30d,142,616
56,2017,1961,M,act,4,19
56,2017,1961,M,30d,143,521
56,2017,1961,F,act,7,35
56,2017,1961,F,30d,165,629
57,2017,1960,M,act,10,28
57,2017,1960,M,30d,143,505
57,2017,1960,F,act,11,34
57,2017,1960,F,30d,145,601
58,2017,1959,M,act,6,31
58,2017,1959,M,30d,140,492
58,2017,1959,F,act,9,23
58,2017,1959,F,30d,139,565
59,2017,1958,M,act,6,23
59,2017,1958,M,30d,137,518
59,2017,1958,F,act,7,31
59,2017,1958,F,30d,126,565
60,2017,1957,M,act,8,18
60,2017,1957,M,30d,164,554
60,2017,1957,F,act,4,31
60,2017,1957,F,30d,139,657
61,2017,1956,M,act,5,21
61,2017,1956,M,30d,106,470
61,2017,1956,F,act,3,23
61,2017,1956,F,30d,136,552
62,2017,1955,M,act,8,18
62,2017,1955,M,30d,129,481
62,2017,1955,F,act,3,28
62,2017,1955,F,30d,92,550
63,2017,1954,M,act,2,15
63,2017,1954,M,30d,114,478
63,2017,1954,F,act,5,25
63,2017,1954,F,30d,91,580
64,2017,1953,M,act,6,17
64,2017,1953,M,30d,91,439
64,2017,1953,F,act,9,29
64,2017,1953,F,30d,84,526
65,2017,1952,M,act,2,16
65,2017,1952,M,30d,104,428
65,2017,1952,F,act,4,25
65,2017,1952,F,30d,103,597
15,2018,2003,M,30d,9,407
15,2018,2003,F,30d,14,396
16,2018,2002,M,30d,21,400
16,2018,2002,F,30d,30,395
17,2018,2001,M,30d,35,373
17,2018,2001,F,30d,39,411
18,2018,2000,M,30d,41,319
18,2018,2000,F,30d,36,352
19,2018,1999,M,30d,23,167
19,2018,1999,F,30d,21,155
20,2018,1998,M,30d,41,163
20,2018,1998,F,30d,30,164
21,2018,1997,M,30d,40,146
21,2018,1997,F,30d,30,190
22,2018,1996,M,30d,40,176
22,2018,1996,F,30d,31,171
23,2018,1995,M,30d,45,156
23,2018,1995,F,30d,31,150
24,2018,1994,M,30d,37,151
24,2018,1994,F,30d,35,183
25,2018,1993,M,30d,41,147
25,2018,1993,F,30d,44,192
26,2018,1992,M,30d,44,151
26,2018,1992,F,30d,42,199
27,2018,1991,M,30d,58,152
27,2018,1991,F,30d,45,202
28,2018,1990,M,30d,48,151
28,2018,1990,F,30d,55,187
29,2018,1989,M,30d,58,154
29,2018,1989,F,30d,53,181
30,2018,1988,M,30d,55,161
30,2018,1988,F,30d,73,216
31,2018,1987,M,30d,76,160
31,2018,1987,F,30d,58,179
32,2018,1986,M,30d,49,151
32,2018,1986,F,30d,61,202
33,2018,1985,M,30d,70,172
33,2018,1985,F,30d,60,211
34,2018,1984,M,30d,65,168
34,2018,1984,F,30d,66,230
35,2018,1983,M,30d,60,161
35,2018,1983,F,30d,68,235
36,2018,1982,M,30d,51,152
36,2018,1982,F,30d,51,195
37,2018,1981,M,30d,56,159
37,2018,1981,F,30d,49,173
38,2018,1980,M,30d,51,172
38,2018,1980,F,30d,45,189
39,2018,1979,M,30d,49,148
39,2018,1979,F,30d,54,192
40,2018,1978,M,30d,55,154
40,2018,1978,F,30d,52,217
41,2018,1977,M,30d,36,135
41,2018,1977,F,30d,50,198
42,2018,1976,M,30d,62,178
42,2018,1976,F,30d,45,203
43,2018,1975,M,30d,58,160
43,2018,1975,F,30d,50,193
44,2018,1974,M,30d,43,130
44,2018,1974,F,30d,39,174
45,2018,1973,M,30d,53,156
45,2018,1973,F,30d,33,171
46,2018,1972,M,30d,40,139
46,2018,1972,F,30d,41,172
47,2018,1971,M,30d,42,150
47,2018,1971,F,30d,31,161
48,2018,1970,M,30d,53,142
48,2018,1970,F,30d,53,192
49,2018,1969,M,30d,38,137
49,2018,1969,F,30d,38,159
50,2018,1968,M,30d,38,140
50,2018,1968,F,30d,39,164
51,2018,1967,M,30d,20,99
51,2018,1967,F,30d,39,151
52,2018,1966,M,30d,25,117
52,2018,1966,F,30d,42,160
53,2018,1965,M,30d,33,105
53,2018,1965,F,30d,47,152
54,2018,1964,M,30d,35,131
54,2018,1964,F,30d,38,156
55,2018,1963,M,30d,28,112
55,2018,1963,F,30d,45,161
56,2018,1962,M,30d,43,122
56,2018,1962,F,30d,41,193
57,2018,1961,M,30d,35,124
57,2018,1961,F,30d,34,166
58,2018,1960,M,30d,37,129
58,2018,1960,F,30d,49,179
59,2018,1959,M,30d,40,156
59,2018,1959,F,30d,43,181
60,2018,1958,M,30d,34,138
60,2018,1958,F,30d,36,162
61,2018,1957,M,30d,25,100
61,2018,1957,F,30d,37,153
62,2018,1956,M,30d,27,116
62,2018,1956,F,30d,27,183
63,2018,1955,M,30d,41,117
63,2018,1955,F,30d,32,184
64,2018,1954,M,30d,25,140
64,2018,1954,F,30d,27,162
65,2018,1953,M,30d,20,116
65,2018,1953,F,30d,40,199
15,2019,2004,M,30d,29,555
15,2019,2004,F,30d,129,1141
15,2019,2004,NA,30d,2,7
16,2019,2003,M,30d,24,207
16,2019,2003,F,30d,101,935
16,2019,2003,NA,30d,1,6
17,2019,2002,M,30d,32,202
17,2019,2002,F,30d,92,832
17,2019,2002,NA,30d,0,4
18,2019,2001,M,30d,79,645
18,2019,2001,F,30d,79,643
19,2019,2000,M,30d,70,528
19,2019,2000,F,30d,56,497
20,2019,1999,M,30d,78,445
20,2019,1999,F,30d,47,398
21,2019,1998,M,30d,101,541
21,2019,1998,F,30d,66,443
22,2019,1997,M,30d,124,517
22,2019,1997,F,30d,89,514
23,2019,1996,M,30d,122,464
23,2019,1996,F,30d,108,547
24,2019,1995,M,30d,134,492
24,2019,1995,F,30d,74,415
25,2019,1994,M,30d,89,341
25,2019,1994,F,30d,78,470
26,2019,1993,M,30d,106,364
26,2019,1993,F,30d,117,515
27,2019,1992,M,30d,99,356
27,2019,1992,F,30d,69,304
28,2019,1991,M,30d,131,403
28,2019,1991,F,30d,113,440
29,2019,1990,M,30d,137,410
29,2019,1990,F,30d,109,423
30,2019,1989,M,30d,131,414
30,2019,1989,F,30d,125,492
31,2019,1988,M,30d,123,393
31,2019,1988,F,30d,127,501
32,2019,1987,M,30d,128,412
32,2019,1987,F,30d,115,422
33,2019,1986,M,30d,151,468
33,2019,1986,F,30d,128,456
34,2019,1985,M,30d,91,279
34,2019,1985,F,30d,122,510
35,2019,1984,M,30d,138,419
35,2019,1984,F,30d,102,430
36,2019,1983,M,30d,157,471
36,2019,1983,F,30d,150,554
37,2019,1982,M,30d,150,495
37,2019,1982,F,30d,147,579
38,2019,1981,M,30d,164,527
38,2019,1981,F,30d,138,582
39,2019,1980,M,30d,161,473
39,2019,1980,F,30d,134,589
40,2019,1979,M,30d,180,565
40,2019,1979,F,30d,122,649
41,2019,1978,M,30d,152,484
41,2019,1978,F,30d,143,605
42,2019,1977,M,30d,147,552
42,2019,1977,F,30d,155,675
43,2019,1976,M,30d,158,563
43,2019,1976,F,30d,134,661
44,2019,1975,M,30d,158,483
44,2019,1975,F,30d,108,586
45,2019,1974,M,30d,155,531
45,2019,1974,F,30d,107,584
46,2019,1973,M,30d,149,508
46,2019,1973,F,30d,112,574
47,2019,1972,M,30d,147,474
47,2019,1972,F,30d,106,523
48,2019,1971,M,30d,164,521
48,2019,1971,F,30d,106,575
49,2019,1970,M,30d,174,535
49,2019,1970,F,30d,126,593
50,2019,1969,M,30d,140,520
50,2019,1969,F,30d,129,631
51,2019,1968,M,30d,123,431
51,2019,1968,F,30d,96,470
52,2019,1967,M,30d,121,486
52,2019,1967,F,30d,113,542
53,2019,1966,M,30d,124,454
53,2019,1966,F,30d,113,569
54,2019,1965,M,30d,121,457
54,2019,1965,F,30d,113,530
55,2019,1964,M,30d,131,453
55,2019,1964,F,30d,141,572
56,2019,1963,M,30d,118,490
56,2019,1963,F,30d,129,589
57,2019,1962,M,30d,122,439
57,2019,1962,F,30d,111,557
58,2019,1961,M,30d,122,469
58,2019,1961,F,30d,124,564
59,2019,1960,M,30d,107,477
59,2019,1960,F,30d,107,509
60,2019,1959,M,30d,128,513
60,2019,1959,F,30d,119,578
61,2019,1958,M,30d,108,408
61,2019,1958,F,30d,103,484
62,2019,1957,M,30d,114,475
62,2019,1957,F,30d,109,558
63,2019,1956,M,30d,109,504
63,2019,1956,F,30d,124,589
64,2019,1955,M,30d,98,442
64,2019,1955,F,30d,93,514
65,2019,1954,M,30d,104,434
65,2019,1954,F,30d,88,563
15,2021,2006,M,30d,4,260
15,2021,2006,F,30d,9,243
16,2021,2005,M,30d,7,279
16,2021,2005,F,30d,14,269
17,2021,2004,M,30d,13,244
17,2021,2004,F,30d,16,269
18,2021,2003,M,30d,20,206
18,2021,2003,F,30d,20,248
19,2021,2002,M,30d,19,153
19,2021,2002,F,30d,17,197
20,2021,2001,M,30d,26,146
20,2021,2001,F,30d,11,118
21,2021,2000,M,30d,29,141
21,2021,2000,F,30d,14,151
22,2021,1999,M,30d,25,147
22,2021,1999,F,30d,19,129
23,2021,1998,M,30d,19,123
23,2021,1998,F,30d,16,150
24,2021,1997,M,30d,34,139
24,2021,1997,F,30d,16,127
25,2021,1996,M,30d,34,132
25,2021,1996,F,30d,19,147
26,2021,1995,M,30d,24,118
26,2021,1995,F,30d,27,133
27,2021,1994,M,30d,38,117
27,2021,1994,F,30d,28,130
28,2021,1993,M,30d,41,130
28,2021,1993,F,30d,23,115
29,2021,1992,M,30d,35,114
29,2021,1992,F,30d,20,136
30,2021,1991,M,30d,34,121
30,2021,1991,F,30d,21,122
31,2021,1990,M,30d,27,118
31,2021,1990,F,30d,27,123
32,2021,1989,M,30d,35,116
32,2021,1989,F,30d,26,121
33,2021,1988,M,30d,35,119
33,2021,1988,F,30d,28,143
34,2021,1987,M,30d,37,104
34,2021,1987,F,30d,40,125
35,2021,1986,M,30d,38,123
35,2021,1986,F,30d,31,147
36,2021,1985,M,30d,34,126
36,2021,1985,F,30d,34,128
37,2021,1984,M,30d,38,105
37,2021,1984,F,30d,44,142
38,2021,1983,M,30d,32,98
38,2021,1983,F,30d,30,128
39,2021,1982,M,30d,41,123
39,2021,1982,F,30d,34,133
40,2021,1981,M,30d,43,130
40,2021,1981,F,30d,34,147
41,2021,1980,M,30d,32,121
41,2021,1980,F,30d,26,145
42,2021,1979,M,30d,44,144
42,2021,1979,F,30d,44,172
43,2021,1978,M,30d,39,128
43,2021,1978,F,30d,26,147
44,2021,1977,M,30d,33,129
44,2021,1977,F,30d,32,148
45,2021,1976,M,30d,37,133
45,2021,1976,F,30d,35,160
46,2021,1975,M,30d,34,111
46,2021,1975,F,30d,32,143
47,2021,1974,M,30d,44,132
47,2021,1974,F,30d,27,144
48,2021,1973,M,30d,32,132
48,2021,1973,F,30d,20,133
49,2021,1972,M,30d,31,118
49,2021,1972,F,30d,26,133
50,2021,1971,M,30d,28,105
50,2021,1971,F,30d,25,153
51,2021,1970,M,30d,33,112
51,2021,1970,F,30d,31,145
52,2021,1969,M,30d,28,122
52,2021,1969,F,30d,26,147
53,2021,1968,M,30d,34,122
53,2021,1968,F,30d,24,138
54,2021,1967,M,30d,24,102
54,2021,1967,F,30d,22,132
55,2021,1966,M,30d,25,111
55,2021,1966,F,30d,21,106
56,2021,1965,M,30d,19,115
56,2021,1965,F,30d,25,132
57,2021,1964,M,30d,26,113
57,2021,1964,F,30d,31,126
58,2021,1963,M,30d,26,124
58,2021,1963,F,30d,30,161
59,2021,1962,M,30d,27,123
59,2021,1962,F,30d,34,155
60,2021,1961,M,30d,26,100
60,2021,1961,F,30d,28,118
61,2021,1960,M,30d,24,110
61,2021,1960,F,30d,36,153
62,2021,1959,M,30d,25,115
62,2021,1959,F,30d,34,147
63,2021,1958,M,30d,24,133
63,2021,1958,F,30d,22,128
64,2021,1957,M,30d,25,97
64,2021,1957,F,30d,21,139
65,2021,1956,M,30d,23,105
65,2021,1956,F,30d,21,138
15,2022,2007,M,30d,1,269
15,2022,2007,F,30d,2,290
16,2022,2006,M,30d,4,303
16,2022,2006,F,30d,2,295
17,2022,2005,M,30d,10,295
17,2022,2005,F,30d,3,278
18,2022,2004,M,30d,16,300
18,2022,2004,F,30d,9,261
19,2022,2003,M,30d,33,297
19,2022,2003,F,30d,28,299
20,2022,2002,M,30d,38,284
20,2022,2002,F,30d,16,263
21,2022,2001,M,30d,31,274
21,2022,2001,F,30d,33,262
22,2022,2000,M,30d,50,262
22,2022,2000,F,30d,37,291
23,2022,1999,M,30d,51,257
23,2022,1999,F,30d,43,276
24,2022,1998,M,30d,60,252
24,2022,1998,F,30d,41,289
25,2022,1997,M,30d,61,269
25,2022,1997,F,30d,49,249
26,2022,1996,M,30d,56,269
26,2022,1996,F,30d,42,284
27,2022,1995,M,30d,51,219
27,2022,1995,F,30d,39,254
28,2022,1994,M,30d,53,225
28,2022,1994,F,30d,55,256
29,2022,1993,M,30d,50,202
29,2022,1993,F,30d,54,252
30,2022,1992,M,30d,79,257
30,2022,1992,F,30d,39,247
31,2022,1991,M,30d,70,228
31,2022,1991,F,30d,58,246
32,2022,1990,M,30d,71,215
32,2022,1990,F,30d,53,246
33,2022,1989,M,30d,61,226
33,2022,1989,F,30d,60,248
34,2022,1988,M,30d,77,241
34,2022,1988,F,30d,68,266
35,2022,1987,M,30d,66,233
35,2022,1987,F,30d,52,265
36,2022,1986,M,30d,79,242
36,2022,1986,F,30d,65,291
37,2022,1985,M,30d,60,208
37,2022,1985,F,30d,63,259
38,2022,1984,M,30d,72,237
38,2022,1984,F,30d,51,260
39,2022,1983,M,30d,64,249
39,2022,1983,F,30d,47,251
40,2022,1982,M,30d,63,251
40,2022,1982,F,30d,46,266
41,2022,1981,M,30d,61,218
41,2022,1981,F,30d,60,284
42,2022,1980,M,30d,73,249
42,2022,1980,F,30d,61,305
43,2022,1979,M,30d,57,254
43,2022,1979,F,30d,61,298
44,2022,1978,M,30d,93,255
44,2022,1978,F,30d,68,299
45,2022,1977,M,30d,84,276
45,2022,1977,F,30d,52,281
46,2022,1976,M,30d,74,258
46,2022,1976,F,30d,60,325
47,2022,1975,M,30d,61,218
47,2022,1975,F,30d,60,283
48,2022,1974,M,30d,64,240
48,2022,1974,F,30d,55,283
49,2022,1973,M,30d,65,235
49,2022,1973,F,30d,55,292
50,2022,1972,M,30d,58,264
50,2022,1972,F,30d,54,300
51,2022,1971,M,30d,64,208
51,2022,1971,F,30d,58,305
52,2022,1970,M,30d,64,238
52,2022,1970,F,30d,66,290
53,2022,1969,M,30d,55,237
53,2022,1969,F,30d,43,265
54,2022,1968,M,30d,59,230
54,2022,1968,F,30d,46,243
55,2022,1967,M,30d,44,215
55,2022,1967,F,30d,41,236
56,2022,1966,M,30d,50,218
56,2022,1966,F,30d,48,289
57,2022,1965,M,30d,63,240
57,2022,1965,F,30d,47,288
58,2022,1964,M,30d,62,230
58,2022,1964,F,30d,61,288
59,2022,1963,M,30d,58,247
59,2022,1963,F,30d,67,311
60,2022,1962,M,30d,59,235
60,2022,1962,F,30d,59,297
61,2022,1961,M,30d,59,234
61,2022,1961,F,30d,47,266
62,2022,1960,M,30d,45,234
62,2022,1960,F,30d,42,270
63,2022,1959,M,30d,48,226
63,2022,1959,F,30d,54,282
64,2022,1958,M,30d,48,210
64,2022,1958,F,30d,43,258
65,2022,1957,M,30d,33,188
65,2022,1957,F,30d,46,266
